CGD_gene,ADscore,ARscore,XLscore,hi,rec,constaint_score,Genic_score,PAEscore
ABCA1,0.13259331395687893,0.6771608998649326,0.000001,0.65897,0.67602,2.900688916,-0.2390472838,0.7864971448970238
ABCA4,0.055580428192773104,0.8013905487537518,0.000001,0.09923,0.38763,-1.316841287,0.7366628214,0.10887642495817969
ABCC8,0.06495664661566482,0.028192416185874508,0.000001,0.15041,0.43468,2.911322353,-2.0911071942,0.730620005653921
ABCC9,0.6602605315959263,0.07857459584317997,0.000001,0.11236,0.15685,2.980435196,-1.9677399918,0.6524757342809328
ACTA1,0.22082834829541415,0.000001,0.000001,0.90573,0.93721,4.27886137,-0.2956224973,0.21563818688701633
ACTC1,0.6988991904065139,0.03495943323091766,0.000001,0.76812,0.90675,3.629365181,-0.2074375289,0.6870852815858611
ACVRL1,0.6867399224808656,0.025406650106147607,0.000001,0.92997,0.44126,1.630763753,-1.0213484528,0.7446051704226947
ADAR,0.04317361925005466,0.021857228397637794,0.02522885997681527,0.1228,0.23648,3.162998324,-0.639268965,0.05039014714509727
AFP,0.012983869218726535,0.18286086195353354,0.000001,0.57958,0.75,-1.109894744,0.2903136214,0.1671647983861223
AK1,0.006246270856198777,0.7674829373723361,0.000001,0.15139,0.64321,-0.288479234,-0.1376585754,0.7156285074329017
SETX,0.019176446546931136,0.17997664286236367,0.000001,0.07422,0.4128,-0.443900102,-0.1399511699,0.14725724632407192
ALX4,0.16231059768670852,0.039915627560700676,0.000001,0.78445,0.21643,1.002853143,-0.4463048533,0.133385380554371
AMPD1,0.007857005016573607,0.8583070840771538,0.000001,0.27146,0.44922,-1.036497693,0.0734923116,0.17632483455460704
ANK1,0.2387727927686532,0.03178326858936702,0.000001,0.75287,0.74808,2.380872811,-3.1433735929,0.8475750518338915
ANKH,0.6603460488471574,0.006399909810317691,0.000001,0.000001,0.000001,2.086459151,-0.3783461165,0.0
APC,0.7755158286801459,0.0210321226012012,0.000001,0.53216,0.57092,1.15881505,-2.5235434792,0.6896096383136788
APOA1,0.000001,0.06657527325172596,0.000001,0.000001,0.000001,0.957392281,-0.4719929046,0.6822615395406967
APOA5,0.046762338904165625,0.0785526029798532,0.000001,0.27368,0.35715,1.616256071,0.4189530425,0.8414296414080389
APOB,0.05014825424767356,0.28474174218858916,0.000001,0.45035,0.88273,-1.788750583,1.4160424198,0.79140203211558
APP,0.13281084937531876,0.000001,0.000001,0.95878,0.5574,2.652316839,-0.9772525253,0.05822083044645119
ARHGEF10,0.6865347230013245,0.051921205419343364,0.000001,0.000001,0.000001,-1.234800463,-1.0162864212,0.0805793156118531
ATP1A2,0.000001,0.01887368080123537,0.000001,0.000001,0.000001,4.537008244,-1.3741324358,0.7082301273466352
ATP2A2,0.6380687671887703,0.000001,0.000001,0.26556,0.46129,3.944348848,-1.5964553144,0.024332849822315577
ATP2C1,0.6535503751649338,0.000001,0.000001,0.90393,0.20899,2.672157486,-0.290161348,0.02208503862806549
AVP,0.000001,0.0,0.000001,0.000001,0.000001,1.186288045,0.000001,0.7049987197753745
BMPR1A,0.6707977858975949,0.028768526593728562,0.000001,0.98203,0.5392,1.732096303,-0.4040327464,0.040410323089715205
BMPR2,0.7114007749140663,0.04604645883518663,0.000001,0.85302,0.5014,1.357419243,-0.9313380396,0.8098619357012901
BRCA1,0.6989267650387125,0.06436571853548058,0.000001,0.99897,0.94795,-0.420634577,0.4646954134,0.16114797387566823
BRCA2,0.1772510275149549,0.0595666954517608,0.000001,0.97144,0.70346,0.521546103,3.7318834236,0.848051527780149
BRIP1,0.01275721239966668,0.062296621652353876,0.000001,0.20765,0.27124,1.412602361,-0.6374526584,0.7848182682357259
BSCL2,0.000001,0.6544891403549244,0.000001,0.000001,0.000001,0.552075563,-0.179930907,0.6658972582612759
C1QTNF5,0.6513267156647324,0.000001,0.000001,0.000001,0.000001,2.695510119,0.000001,0.019124390845526505
C3,0.010451330985022107,0.6632456891645228,0.000001,0.000001,0.000001,3.269482017,-1.6886985056,0.7361368830746439
C8A,0.012608738850159383,0.6684907194695188,0.000001,0.10455,0.10694,-0.761458027,1.5818407531,0.6266734638481815
C8B,0.000001,0.7297992940798008,0.000001,0.05295,0.12134,-1.076985776,0.558509856,0.7257017237408389
CACNA1A,0.7971123559406382,0.06810119194940459,0.000001,0.58636,0.55905,0.000001,-1.7822986937,0.7383218052803928
CACNA1S,0.6998140582271567,0.07175996308671696,0.000001,0.000001,0.000001,0.09798448,-1.2094200198,0.7189190041206016
NOD2,0.006367346501786724,0.17683926957874121,0.000001,0.13546,0.69333,-1.741601479,0.5749342807,0.7446134800145386
CASP10,0.6464539323491097,0.03290712239934132,0.000001,0.000001,0.000001,0.826955875,-0.0899272547,0.6804359567826567
CASR,0.062071265416185635,0.1201286838971245,0.000001,0.26152,0.6615,4.05723362,-0.108334733,0.6883433728989327
CAT,0.0186071786176862,0.7570077090094152,0.000001,0.49631,0.94977,0.286037712,-0.3103880539,0.8104442338199076
CAV3,0.10502957597458899,0.05117214466602634,0.000001,0.38282,0.55696,0.478984566,0.439181676,0.8179337617129515
CD4,0.8261769084592057,0.04536271589189756,0.000001,0.44678,0.98357,1.308943466,0.5750976438,0.07926855785984624
CDKN1C,0.7135207315722771,0.000001,0.000001,0.000001,0.000001,2.272461674,0.000001,0.6920525568813626
CDKN2A,0.6834432324362522,0.046413836951793006,0.000001,0.03037,0.06846,2.828520368,0.7257944159,0.758325883629219
CDSN,0.024285870436523964,0.000001,0.000001,0.000001,0.000001,1.080107157,2.109277534,0.01888000148918151
CES1,0.04335796746792672,0.7530370632559403,0.000001,0.4719,0.33344,0.443462002,1.9126142825,0.10683346680573534
CFH,0.029307052036555634,0.0771163533269893,0.000001,0.000001,0.000001,0.744664789,0.5198833832,0.6913023591797329
CFTR,0.16211960500224915,0.7827287060142352,0.000001,0.76593,0.87681,-3.606954838,-0.5072780797,0.7884543305642417
CHD7,0.5810690615928735,0.025108064143659684,0.000001,0.14151,0.13965,3.375099466,-2.9243393041,0.6357737659807174
CHEK2,0.0997573266304557,0.042842071311198444,0.000001,0.98514,0.65565,-1.287048169,-0.1340192842,0.1841871988611893
CHMP2B,0.6159593936701633,0.000001,0.000001,0.34759,0.14616,0.000001,-0.1615247089,0.018895699525456795
CHRNA1,0.058709750736445125,0.19588163732767863,0.000001,0.10721,0.38059,1.005563179,-0.3342536733,0.6729602734784166
CHRNA4,0.7012205192756455,0.01255161949775161,0.000001,0.12554,0.10854,0.988749201,-1.9695459827,0.018661029220510987
CHRNB1,0.000001,0.020066259934557667,0.000001,0.33567,0.14592,1.987934116,-0.4022122566,0.6078942823503689
CHRND,0.012795661970777805,0.05223584920869806,0.000001,0.16756,0.17222,-0.051617408,-0.3985731356,0.72864471402313
NLRP3,0.6175112174046539,0.01585851764356951,0.000001,0.41725,0.10512,2.467747455,-0.9461251189,0.6859415862001415
CLCN1,0.015790802316346622,0.051858560175232764,0.000001,0.000001,0.000001,0.773478283,0.2075899273,0.6981017891739282
CLCN2,0.006274291921945475,0.04150525007109788,0.000001,0.1963,0.18747,1.933301993,0.497836815,0.018341730098695004
CLCN7,0.03478404313612593,0.08347063013908461,0.000001,0.23813,0.29785,2.011196184,-1.6369327847,0.6594374157414119
COCH,0.627326776708691,0.012596746810356602,0.000001,0.53303,0.13199,1.758956774,0.2866749959,0.018671215197061376
COL10A1,0.6593454952059029,0.09582614040232403,0.000001,0.06187,0.36607,-1.099342885,-0.0201505516,0.11417149668594408
COL11A1,0.04977124811482141,0.11996083053778148,0.000001,0.35429,0.34658,0.525945626,-0.360177779,0.8230458907737873
COL11A2,0.014038554892226291,0.04726981788006117,0.000001,0.000001,0.000001,2.919617,-1.052752328,0.6888258998188171
COL1A1,0.8076738885158963,0.03579282406500001,0.000001,0.99194,0.99087,3.477092241,-1.7858926326,0.8053991897444248
COL1A2,0.04889613556116957,0.7252668134182295,0.000001,0.000001,0.000001,2.221795745,-1.1445697594,0.7615267410998983
COL2A1,0.8603201835054359,0.025807069101364613,0.000001,0.96554,0.92693,2.599087437,-1.8043548355,0.8960323283655098
COL3A1,0.7516800145194915,0.058150648424590064,0.000001,0.99739,0.87801,1.831537358,-0.2333399995,0.7585273346553113
COL4A3,0.0514167522931294,0.13901502725107986,0.000001,0.2922,0.33981,1.37761178,1.3502938816,0.7473376410340137
COL4A4,0.028695031815559092,0.14877274771602622,0.000001,0.09807,0.24901,1.535308249,1.0416096753,0.680061635329614
COL5A1,0.6778443423222968,0.08374848897825926,0.000001,0.000001,0.000001,1.38102214,-3.0091690532,0.6226163329907909
COL5A2,0.6777253080666923,0.08560209149238862,0.000001,0.46242,0.39055,0.793798026,-0.8727369786,0.7872343025640499
COL6A1,0.06294406447334584,0.07080666209597021,0.000001,0.6413,0.53998,0.466689158,-1.4866122554,0.19214371924171506
COL6A2,0.025143411867367932,0.07373576437045026,0.000001,0.50744,0.37851,-0.058815417,-1.0019647746,0.12196227132775637
COL6A3,0.16552626008207422,0.04539580740997211,0.000001,0.93588,0.40359,-0.730632054,-2.5505051577,0.09984631752524745
COL7A1,0.08755590739059434,0.04130163042766543,0.000001,0.14584,0.25273,0.399505142,-4.2364232447,0.10464231609813981
COL8A2,0.6320786403631771,0.024467710098494248,0.000001,0.55358,0.1851,1.813042051,0.000001,0.031495354251237936
COL9A2,0.02030566822315679,0.758290828886874,0.000001,0.10977,0.16297,1.375644239,1.6902705444,0.6441959858757075
COL9A3,0.6971134133137975,0.08674164260400659,0.000001,0.000001,0.000001,-0.999660554,0.6117192622,0.029164498499873136
COMP,0.5939775094543293,0.04057216075137892,0.000001,0.69623,0.72248,3.156772153,-0.4885778835,0.18005355010243623
CPOX,0.000001,0.03782337699962371,0.000001,0.000001,0.000001,1.442027688,0.4171350401,0.6800581292584282
CRB1,0.008499810817658006,0.03159129940671036,0.000001,0.27985,0.19528,-0.445194006,-2.5633272154,0.08273177049221216
CREBBP,0.8222525747251763,0.020020298653440478,0.000001,0.99999,0.5507,4.271484817,-2.1025116377,0.8021176532893219
CRX,0.000001,0.09591001137035322,0.000001,0.78537,0.33817,0.640346774,0.0846217467,0.05495662291374677
CRYAB,0.5964088141454627,0.017581809048694417,0.000001,0.5132,0.56457,0.000001,-0.2515300117,0.803268742563295
CRYGD,0.7627453416223249,0.012775326852614908,0.000001,0.29024,0.1472,1.001711056,0.0589374977,0.0
CSRP3,0.6370355600643454,0.043942269876095987,0.000001,0.43029,0.2166,-1.558371904,-0.3599402506,0.609627284748741
CST3,0.6826013919553379,0.014666255658040025,0.000001,0.16214,0.6254,0.000001,0.1250766517,0.08671743277624393
CTNNB1,0.7870701734965146,0.012894466116330147,0.000001,0.99997,0.9963,4.197769059,-0.5822252308,0.1462263785549341
CYP11A1,0.00618819044800367,0.04964947674734675,0.000001,0.30797,0.14046,1.190595759,0.020302773,0.602718567940067
CYP11B2,0.029123068894673164,0.01879881433650264,0.000001,0.000001,0.000001,0.499169913,0.558509856,0.49894503659496564
CYP1A2,0.6486952489863572,0.04885125783956251,0.000001,0.10653,0.72184,-0.995472442,-0.5969923872,0.7329365423235864
CYP2A6,0.7094808660159295,0.046242315097653745,0.000001,0.23228,0.52146,-0.795677077,0.2957749473,0.7776973678856923
CYP2C9,0.6746558990079929,0.1276179726676963,0.000001,0.09184,0.38254,-1.278958157,0.3123597688,0.7260865410625951
DCTN1,0.5990855301934542,0.006473649216935519,0.000001,0.51731,0.50536,2.245483676,-0.87816671,0.06646887250854414
DES,0.012728529320108123,0.05479927334520484,0.000001,0.78691,0.12202,0.694911423,-0.5124440339,0.7170465437623239
DRD2,0.6893641477824276,0.1416258016685995,0.000001,0.18972,0.72427,1.593634871,-0.6006302561,0.13186417298789982
DSG1,0.05952270049463192,0.7102743139321738,0.000001,0.78331,0.2105,-1.485788555,1.6369420996,0.6382652848519661
DSP,0.21040444430670988,0.03929307742029694,0.000001,0.67242,0.36963,1.764289048,-2.2278843877,0.7152169827066739
DSPP,0.6698950287515332,0.025491379334617714,0.000001,0.000001,0.000001,-2.616877582,4.0361817475,0.037308437173717866
ECE1,0.6245934090200295,0.054937013025182696,0.000001,0.31635,0.38954,1.802518536,-0.6851803759,0.06809920532326137
EDAR,0.061326398771270316,0.08637896344397093,0.000001,0.19297,0.44715,1.302834823,-0.44448505,0.11906889711007479
EDN3,0.009381459562081154,0.026983943299637488,0.000001,0.37232,0.36965,-0.367202613,-0.3599402506,0.6243588898466372
EFEMP1,0.023313738538935938,0.12487099347382101,0.000001,0.17515,0.23532,1.084443215,-0.7567782586,0.0985719555308201
EGR2,0.2360284910331243,0.000001,0.000001,0.96995,0.66487,3.244090634,-0.227663163,0.06547478584482629
ELANE,0.687433076637309,0.05075156832901282,0.000001,0.6087,0.91567,2.337283396,0.1948527018,0.8013733127950685
ELN,0.6671684000348278,0.137640115719904,0.000001,0.000001,0.000001,-0.47682269,-0.0826505704,0.7111395053542136
ELOVL4,0.000001,0.05169778520548114,0.000001,0.694,0.09974,0.980843084,0.3932709247,0.006310803277828491
ENAM,0.012702307530796058,0.6188623799889795,0.000001,0.09364,0.11786,-1.086744672,-0.0790129056,0.006152666511043621
ENG,0.5703683304216625,0.18676654806706064,0.000001,0.15044,0.76645,0.429719905,-0.3949364374,0.7412526300372131
EPB41,0.050150863291197334,0.7796283510828965,0.000001,0.75657,0.35913,0.515103683,-0.5969923872,0.6789498084514676
EPHX1,0.04397466886727214,0.6740686181520638,0.000001,0.13476,0.66493,0.077026081,0.7128367115,0.6941791334591478
ERCC5,0.000001,0.6677767627260539,0.000001,0.08139,0.49343,0.533204998,0.5474042885,0.7804798234670258
EVC,0.019279805025345674,0.06343804132705642,0.000001,0.12742,0.18,-0.481350594,3.7271722382,0.08122801163194268
EXT1,0.7092063071244711,0.012771945164431824,0.000001,0.73601,0.26791,1.980734544,-1.1334093185,0.6543596084315075
EXT2,0.5414561074578678,0.0714939585141022,0.000001,0.11643,0.1211,0.580233948,-0.4849406854,0.5669294858378994
EYA1,0.6402271699303125,0.08176490332066609,0.000001,0.82736,0.27632,0.071741717,-0.8449669785,0.7289372954731577
EYA4,0.6926804513882063,0.030887906086868658,0.000001,0.74786,0.15999,1.853932491,-0.4242585377,0.02207887430691903
F2,0.017396435645412732,0.02571941293736154,0.000001,0.70915,0.14818,2.076572357,-0.7108643211,0.7267936208876795
F5,0.000001,0.0,0.000001,0.000001,0.000001,0.519547935,3.2309853355,0.5713203231441657
FBLN1,0.5921143020978118,0.023324932309247755,0.000001,0.67327,0.23543,1.378412347,-0.3453916386,0.034230956537935904
FBN1,0.7055209925772109,0.035421058084035104,0.000001,0.8338,0.11376,4.012251162,-2.8139710747,0.61576601263125
FBN2,0.752112019459065,0.06421065588437301,0.000001,0.65403,0.22936,1.574155793,-1.8677762617,0.73446188649436
FGA,0.03565758328224324,0.10678002800816247,0.000001,0.22383,0.41722,0.673350801,-0.7513221888,0.7298836209844404
FGF23,0.054915642026119926,0.049988607956673786,0.000001,0.49415,0.3471,1.643216094,0.0828027428,0.7657829735282181
FGFR1,0.21758965409705214,0.030297194821861873,0.000001,0.9963,0.78607,3.047846662,-1.3520824581,0.783997050731231
FGFR2,0.6483895617429889,0.000001,0.000001,0.96396,0.7628,1.487734665,-1.5046220596,0.6284093572756158
FGFR3,0.0953592834543011,0.08149342979536144,0.000001,0.84572,0.78546,1.808365164,-2.0541622808,0.7691088604857024
FH,0.6409368835312677,0.05213299885206427,0.000001,0.16989,0.62965,1.376800843,-0.4701716901,0.7404495196091417
FLCN,0.5517401012009632,0.021812399990461192,0.000001,0.21576,0.17241,1.704135917,-0.1983381762,0.0
FLNB,0.09113950264960476,0.03514169571913806,0.000001,0.45177,0.2159,2.237824366,-1.4449906763,0.7296305472732333
FLNC,0.6263534251894081,0.041819772000440826,0.000001,0.30916,0.28051,3.787790318,-3.6412017164,0.12800606163189124
FLT4,0.02554672333074029,0.021189026999770644,0.000001,0.19958,0.23555,3.042560017,0.7072206406,0.7418941162051007
FOXC1,0.8296255867750153,0.000001,0.000001,0.71308,0.29904,2.650390086,0.000001,0.06211161442091917
FOXC2,0.7247723387431156,0.015866375618991665,0.000001,0.38597,0.23829,2.711349315,0.000001,0.05494297478807557
FOXL2,0.7156576648689149,0.04526158041909692,0.000001,0.16474,0.41578,3.503451494,0.000001,0.7569002068923155
FOXP2,0.836766999253001,0.03995326245243978,0.000001,0.91139,0.65138,2.488282895,-0.8247404962,0.130051920370384
FSHR,0.028246410280494048,0.12365574015377379,0.000001,0.0825,0.40004,-0.166107192,-0.1101539164,0.8120470002316654
FTL,0.05520136838929165,0.08707080974721944,0.000001,0.08288,0.64843,1.244380995,-0.1633450269,0.06307084065756169
FXYD2,0.5996304415674135,0.006413687559022907,0.000001,0.000001,0.000001,0.000001,0.1930342957,0.664619099250399
FZD4,0.000001,0.06024289115322245,0.000001,0.3494,0.2097,0.319533003,-0.3342536733,0.018667778309867634
GABRG2,0.6525824191064064,0.009326235868646645,0.000001,0.1914,0.20783,2.994837104,-0.4279001894,0.03543032145923285
GARS,0.6463475578014932,0.02566651270057951,0.000001,0.32729,0.09418,1.569758205,-0.7108643211,0.0
GATA3,0.7994472915118607,0.006304715898376333,0.000001,0.6897,0.82566,3.112344147,-0.6483651047,0.7755081554624796
GCH1,0.06117553706082856,0.07824539416368752,0.000001,0.29184,0.75661,1.888573256,-0.0972061904,0.7147021812452612
GCK,0.06906252104154867,0.0062846856494457315,0.000001,0.8126,0.74195,3.585821393,-0.3599402506,0.7205778240821227
GDF5,0.022239290571006196,0.06235172838750383,0.000001,0.49057,0.32768,1.213142986,-0.0678812493,0.03120761466641212
GDNF,0.7853683998264772,0.05949011786277821,0.000001,0.70999,0.71389,1.090259424,0.1930342957,0.7138416263957693
GFAP,0.8180025653425631,0.10950555053556853,0.000001,0.61775,0.95538,0.795847837,0.622829232,0.1539469301515086
GH1,0.008500992510973323,0.040283175875650015,0.000001,0.10625,0.2513,-0.23606146,0.3087212333,0.7459075912580999
GJA1,0.6672140877479573,0.038421944545574016,0.000001,0.95221,0.36533,1.247420108,-0.2717554808,0.7477375679989529
GJA8,0.04614652791913842,0.10685506570432896,0.000001,0.33054,0.24051,0.971396671,-0.179930907,0.05827647622545687
GJB2,0.018942787228482773,0.10010139060902384,0.000001,0.42941,0.50569,-1.480004839,0.6632852741,0.775734780948123
GJB3,0.0063650740973440565,0.03569195124245263,0.000001,0.12965,0.16401,-0.624200626,0.1984903706,0.6502683125974045
GJB4,0.7557089056043143,0.012512553788756983,0.000001,0.18667,0.11084,-0.541611296,0.6448759713,0.012831210905299734
GJB6,0.000001,0.029054045283042812,0.000001,0.05323,0.32175,0.830914464,0.2609916862,0.7786808331429838
GLI3,0.6955324320719772,0.015897937705070336,0.000001,0.9964,0.10708,2.533448556,-1.3101713164,0.029494231649596213
GLMN,0.6882199151934819,0.02352924160809623,0.000001,0.27629,0.11166,0.695234968,1.2860853004,0.04315857851939837
GLUD1,0.045341008232768064,0.11459567351047771,0.000001,0.45386,0.70938,3.978601773,-0.0292476112,0.7159515017964442
GNAS,0.7840062457514406,0.03565331677943686,0.000001,0.48401,0.79966,4.805834874,-0.0165119569,0.7225505934180346
GNAT1,0.018879631607526925,0.022470847769701475,0.000001,0.7805,0.18619,2.899659517,-0.6042718101,0.10561515067194427
GNE,0.01253373058515372,0.06968710573095963,0.000001,0.43615,0.25685,2.985226845,-0.0256086474,0.01749406654118184
GP1BA,0.04646551545539134,0.0734535924909115,0.000001,0.10914,0.54988,0.507678114,0.135991087,0.6561520294668735
GRHL2,0.000001,0.01563025104379377,0.000001,0.94042,0.15234,2.027973522,-0.4022122566,0.6777239930763286
GRN,0.018674341785484383,0.1452855324546558,0.000001,0.11811,0.43018,0.674871602,-0.4610764058,0.16319950469862607
GSN,0.7338182805650039,0.11916642983325183,0.000001,0.23446,0.75221,0.592220329,0.6080698912,0.06783322080221776
GUCA1A,0.6405553044103931,0.0222686338744035,0.000001,0.31117,0.18332,1.330009852,-0.0512938299,0.021995130319136053
GUCY2D,0.006319305539824015,0.028012538489133768,0.000001,0.31296,0.10453,2.025466738,-1.3668847455,0.025453057414311
HBA1,0.0063238623553024485,0.000001,0.000001,0.1289,0.14878,2.760319397,0.000001,0.644769254156952
HBB,0.000001,0.019085904434895565,0.000001,0.000001,0.000001,0.000001,-0.0053819721,0.8253071316661945
HBD,0.019112098188751498,0.025358077441112903,0.000001,0.000001,0.000001,0.000001,0.4814582609,0.054628209466701196
HBG1,0.7444255944690117,0.04079784138025218,0.000001,0.51338,0.78327,0.000001,0.000001,0.08136946219879791
HBG2,0.6375519963814672,0.015772913776335044,0.000001,0.44272,0.09558,0.000001,-0.0090208044,0.6992541124061878
HCRT,0.6834104434248478,0.025728560996434093,0.000001,0.14911,0.34337,1.941344994,0.000001,0.02752047451039687
MNX1,0.6208365847954944,0.000001,0.000001,0.000001,0.000001,3.389096251,0.000001,0.6510240167140692
HMBS,0.03116819392180087,0.10666327486923216,0.000001,0.38026,0.69128,0.428518225,-0.3378940345,0.7579380438767493
HNF4A,0.7275367921692835,0.014716044939421557,0.000001,0.94499,0.93785,1.524396205,-0.9552047081,0.7112422417135511
HOXA13,0.7337464151617913,0.000001,0.000001,0.000001,0.000001,2.070831504,0.000001,0.01275540843322809
HOXD10,0.6499902086264542,0.000001,0.000001,0.61794,0.11868,1.310702224,-0.0494742139,0.0
HOXD13,0.14885449084475938,0.05739279777564631,0.000001,0.83205,0.40904,1.652410861,-0.0953862162,0.09741512514518669
HRG,0.7249424815581991,0.04484418651065555,0.000001,0.08365,0.23013,0.824754662,3.6682327079,0.11134608504678152
CDC73,0.632975495967063,0.03737107079312311,0.000001,0.2543,0.15588,3.119325948,-0.3838075643,0.6584482566009461
HSF4,0.6593693330396454,0.057851773364198396,0.000001,0.26972,0.12484,1.272279853,-0.2699351402,0.045250523963840446
HSPB1,0.7327208214646183,0.07601386332479368,0.000001,0.49765,0.79641,0.287129401,0.000001,0.018535896770372245
HSPB8,0.719107066380169,0.02815773969647467,0.000001,0.55644,0.22085,0.502833924,0.2150807215,0.0
IHH,0.0838879033461822,0.059071551384332954,0.000001,0.6846,0.59447,3.011987763,-0.2258429198,0.1223312777038733
INSR,0.09386732732773218,0.015835014750399855,0.000001,0.99973,0.94105,3.706756079,-2.1405954752,0.8818236832299754
IRF6,0.7123444758553668,0.012638555647287511,0.000001,0.81383,0.41336,2.172924523,-0.1835708609,0.07953565429623947
ITGA2,0.05838441300910382,0.13949468157729694,0.000001,0.27783,0.62384,1.53807221,-0.2369751498,0.2057354605858923
ITM2B,0.6611077559473519,0.027082912952690524,0.000001,0.22899,0.31462,0.948879863,-0.141298762,0.03405778459572283
JAG1,0.735256536907329,0.02904418692284277,0.000001,0.66304,0.70469,2.0506922,-2.1423914627,0.8046515139508675
KCNA1,0.6941159479882999,0.0624673170857301,0.000001,0.68837,0.29918,3.317921844,-0.5583574367,0.6979752972981633
KCNE1,0.01589739419975147,0.07803381467951082,0.000001,0.11648,0.33265,-0.537702622,0.0607565283,0.6952732215377743
KCNE2,0.6214447072803071,0.000001,0.000001,0.08034,0.11142,0.000001,0.2812202784,0.5653331766259103
KCNE3,0.6327280276365593,0.055159092692740046,0.000001,0.13222,0.12708,0.000001,0.1912161639,0.6141001802902534
KCNH2,0.7538945299181763,0.00637332139369295,0.000001,0.70537,0.29759,3.561511951,-1.4605198606,0.707396823194869
KCNJ11,0.03111494702452345,0.09113312212181916,0.000001,0.21623,0.42074,1.308796903,0.2425826239,0.7880849459939793
KCNQ1,0.05573761290436261,0.012718115652878744,0.000001,0.32219,0.33671,1.751730932,-0.6851803759,0.7644327561257483
KCNQ2,0.7292567255943238,0.028265993028978594,0.000001,0.49147,0.15128,4.246094817,-0.6667705043,0.055564033523451385
KCNQ3,0.632884013081437,0.034339809453216234,0.000001,0.77144,0.10905,2.13671097,-0.3306153696,0.025243533214840148
KCNQ4,0.6237805633183012,0.07380390222099385,0.000001,0.12943,0.14391,3.66054097,-0.6685906502,0.014323349717533435
KIF1B,0.6447717292968232,0.04840409255138011,0.000001,0.20073,0.27386,3.475907983,-1.4478836608,0.7072864438053652
KIF21A,0.6538761787663143,0.008786011055453803,0.000001,0.20921,0.13882,2.210279473,-0.1451527877,0.024640384216702498
KIF5A,0.6463487007249247,0.006346853420597206,0.000001,0.40931,0.17076,3.701566221,-1.3079829296,0.01814204160336618
KIT,0.6822362715731399,0.01923115301150612,0.000001,0.43921,0.153,2.028951071,-0.6833634347,0.046920186334751715
KRT10,0.08997695649755613,0.032708012694420696,0.000001,0.54103,0.54019,1.255139563,0.2205364838,0.035562148436884156
KRT12,0.6468357176459841,0.1005073280434436,0.000001,0.21898,0.21502,1.80070378,0.5089576099,0.06117446342244658
KRT13,0.6126163021085087,0.0125448490783901,0.000001,0.000001,0.000001,0.219646243,0.6448759713,0.03189409435314033
KRT14,0.016497049949957866,0.000001,0.000001,0.000001,0.000001,2.458767694,-0.0678812493,0.05454959366773804
KRT16,0.7598962738722662,0.043861380511009074,0.000001,0.16969,0.47926,0.401268186,0.6448759713,0.08816148418410809
KRT17,0.656795209490634,0.012606992015483806,0.000001,0.000001,0.000001,0.353497641,-0.2442495952,0.0
KRT1,0.7168581580805314,0.07949416593736879,0.000001,0.79851,0.61014,2.026830744,0.7091975091,0.07355917396277425
KRT2,0.7089295591767432,0.012773496469751434,0.000001,0.15783,0.10965,0.700024542,0.2921336033,0.0
KRT3,0.6282324089502577,0.012524319533016968,0.000001,0.000001,0.000001,-0.218720268,0.3821388992,0.02079625612079578
KRT4,0.769339641080563,0.05675059006147254,0.000001,0.3298,0.21875,-0.086003215,0.3362259279,0.05316672768282311
KRT5,0.7433324873583476,0.07469647301112659,0.000001,0.78233,0.59494,0.320273976,0.1175846983,0.10811385801899022
KRT6A,0.6403633656401311,0.06454617518217344,0.000001,0.31132,0.27311,-0.086939836,-0.1708358093,0.05695980393069874
KRT6B,0.5990376125166897,0.00632885389838935,0.000001,0.000001,0.000001,-1.371391141,-0.3049325271,0.04714478974916607
KRT9,0.6805863526977053,0.11004556322791055,0.000001,0.16631,0.19904,-0.414226931,-1.1959195841,0.06562026429350554
KRT81,0.582440393680458,0.06116845336090646,0.000001,0.17758,0.15983,1.250204808,0.000001,0.033324136416164635
KRT83,0.5907194583335006,0.022539946172073576,0.000001,0.27404,0.15921,0.607772758,0.7587517795,0.012697543465195308
KRT86,0.6890916552169407,0.02255888801756327,0.000001,0.07111,0.14849,2.477904561,0.000001,0.046986642909793055
LAMB1,0.16223189220637174,0.7531920601823008,0.000001,0.83862,0.50146,0.376878204,-0.9942323775,0.19341127817610668
LBR,0.6582628177556321,0.10042617898802783,0.000001,0.62297,0.29079,-0.779475622,-0.7072275641,0.05614681442508134
LCAT,0.000001,0.6762967802128923,0.000001,0.000001,0.000001,2.676470731,-0.2938016524,0.6278294205254638
LDLR,0.09187654211776815,0.13447491870250516,0.000001,0.42568,0.94311,0.359220242,-1.8538581829,0.8294078197224081
LGI1,0.6359514095247558,0.040682564029137565,0.000001,0.63786,0.32628,1.927712543,-0.7145054274,0.06635277017910979
LHB,0.048014333792641986,0.07182333563802826,0.000001,0.16761,0.47659,-0.578293783,0.7514741143,0.6737657953981836
LHCGR,0.012544720774002382,0.6588214889967707,0.000001,0.13036,0.42555,0.358455556,0.3564521443,0.8187152054481577
LMNA,0.12485329697831565,0.08895881373455354,0.000001,0.55819,0.98592,3.128049223,-0.9111093532,0.8090896503659158
LMX1B,0.6706154361232297,0.00633660436885488,0.000001,0.35834,0.35026,2.642899462,-0.8467877142,0.6617306737664346
LPA,0.05722892961682319,0.6552693242666449,0.000001,0.000001,0.000001,3.306202319,0.000001,0.022766663203447324
LRP5,0.06290388908838351,0.08060541391339575,0.000001,0.07666,0.10394,2.980481515,-3.7244452909,0.05184019800759738
LRRK2,0.662713239942932,0.015379649099684886,0.000001,0.000001,0.000001,2.237793256,-1.1283531225,0.03710799116078323
LYZ,0.6290866736109647,0.01276949213126609,0.000001,0.05206,0.10095,0.000001,0.3032668997,0.01255162699556792
MAPT,0.06140074855682974,0.06381636005294773,0.000001,0.27076,0.92692,2.281625331,2.1845712602,0.319156474228305
MATN3,0.006333206100055165,0.05220560792923195,0.000001,0.11303,0.12928,0.389387027,0.4869110486,0.012633585185069124
MEN1,0.574443996719076,0.000001,0.000001,0.000001,0.000001,3.628035051,-0.2699351402,0.019143658032492128
MFN2,0.000001,0.030306837052380284,0.000001,0.08391,0.09223,1.137753504,-0.7733696307,0.02098001290814655
CIITA,0.00648758868290557,0.7763037009994491,0.000001,0.18899,0.51457,0.144874471,-0.8911743719,0.7729485338157701
MITF,0.6963516408249274,0.009645819283737948,0.000001,0.8509,0.42299,1.317980608,-0.5565370434,0.6751921392847765
MLH1,0.07202609445402011,0.06788436425656086,0.000001,0.71276,0.88182,1.669662455,0.5125963546,0.12615367243971215
MPZ,0.6831836287646196,0.028365170368631943,0.000001,0.72873,0.09309,2.115928032,-0.2074375289,0.006417278246070542
MSH2,0.13972169514801083,0.02969795985701687,0.000001,0.99705,0.69313,-2.318663648,-2.0339072347,0.10443193745497402
MSX1,0.6898780194197722,0.015906117508004632,0.000001,0.83114,0.60631,1.981731451,0.000001,0.05851956433903801
MSX2,0.7362183345119828,0.02862063651065054,0.000001,0.82018,0.3424,1.755914205,0.000001,0.020385331325521106
MYBPC3,0.006362501944940265,0.03752304073930758,0.000001,0.49203,0.21433,0.540947614,-0.5347566216,0.6834817118226008
MYF6,0.721471772731592,0.0422935280602407,0.000001,0.90058,0.28104,1.333949774,0.0368911799,0.1447581455002833
MYH7,0.7496214705043313,0.024850408903874636,0.000001,0.43904,0.16764,5.361782955,-3.6448034178,0.7150727927382284
MYH8,0.7419095167806008,0.045072816136065876,0.000001,0.49096,0.18702,1.175544686,-0.6854946415,0.027445603784336414
MYH9,0.7163713877405606,0.038498284350154524,0.000001,0.30613,0.64366,4.495631103,-1.9939661128,0.7841323860022618
MYLK2,0.010497209334560526,0.03314541512180419,0.000001,0.34893,0.14961,1.207662075,-0.242430445,0.6143153252335605
MYO7A,0.006471294230248061,0.7151574746588805,0.000001,0.12096,0.33881,-1.395988178,-2.5130921166,0.7145982697354072
MYOC,0.04231389819641328,0.031776847347609966,0.000001,0.49164,0.41045,0.838851691,-0.1340192842,0.7333398347778664
NDUFV1,0.08692225701443156,0.7989776660864001,0.000001,0.15424,0.25968,0.165772309,-1.4862005199,0.11212897767818643
NEFL,0.7111004623200912,0.000001,0.000001,0.69753,0.65776,3.900782938,0.000001,0.06694415965227403
NEUROD1,0.056125772280155396,0.02049994357783875,0.000001,0.97789,0.73737,1.801912235,-0.1156124935,0.09069335954667924
NF1,0.8090653481281479,0.000001,0.000001,0.6001,0.90845,4.909466807,-3.0911475207,0.7657190031598984
NF2,0.699772837023538,0.000001,0.000001,0.97456,0.35707,2.560359495,-0.8688350067,0.5859200242652456
NIPBL,0.7901393456954461,0.028407844486538353,0.000001,0.94334,0.10487,3.973635217,-2.4494387296,0.006167602723641765
NKX2-5,0.7337661410300566,0.012702577321248791,0.000001,0.62436,0.47891,1.859814376,-0.0953862162,0.6784903450874544
NOG,0.7307828126519103,0.025234982523961228,0.000001,0.77327,0.7289,2.272931091,0.3473603122,0.709960446342345
NOTCH2,0.7165149794988194,0.016960757331258913,0.000001,0.95316,0.43816,3.266139408,-1.8192603628,0.6851660832201099
NOTCH3,0.6523748014760141,0.000001,0.000001,0.85677,0.19684,3.095441677,-1.2863227544,0.6513259805042221
NR3C1,0.04584084099379859,0.04058394304074203,0.000001,0.99538,0.92999,1.794631086,-0.1560653138,0.7346278468302285
NSD1,0.6021394473140524,0.000001,0.000001,0.66088,0.2415,3.190120811,-1.5527812939,0.7719046366849712
NTRK1,0.037370482332547916,0.7151976087456681,0.000001,0.2075,0.68852,0.657488653,-0.0587853193,0.6750414451867166
OPA1,0.7084895770523966,0.07868655768810154,0.000001,0.38942,0.345,0.824773328,-0.5731278507,0.07739367390522388
OPN1SW,0.659285004057653,0.08610666532966706,0.000001,0.1,0.32832,0.32087053,-0.7347312591,0.030110157255730814
OPTN,0.6961094698392097,0.14387527021736324,0.000001,0.12825,0.21998,0.649217166,-0.5785836229,0.05847055372338093
PAFAH1B1,0.7238189291411037,0.012632195180678547,0.000001,0.80941,0.50577,2.436648404,-0.4058538669,0.04941044334334149
PAX2,0.7077897083314894,0.03510175231073576,0.000001,0.83757,0.55278,2.255772827,-0.3378940345,0.7617114118957049
PAX3,0.05081835146172699,0.023544253487635666,0.000001,0.99336,0.67982,2.676082891,-0.0017432382,0.7262564040014357
PAX6,0.8558535981240909,0.04658432736555114,0.000001,0.99522,0.82896,3.253694672,-0.3617612788,0.7796288147817516
PAX9,0.6765793143669352,0.012442307104988948,0.000001,0.57606,0.24049,2.362109266,0.0607565283,0.012583644612473265
PDE6B,0.037540201696798454,0.12134097116301922,0.000001,0.61184,0.55597,-0.528935377,-0.5383787527,0.18834658892422493
PITX2,0.8308681232223083,0.012700461609481442,0.000001,0.98807,0.6346,2.767438082,-0.3378940345,0.10786541036862785
PITX3,0.6125073386924301,0.03780093287780948,0.000001,0.44533,0.19268,3.251983615,0.000001,0.037163792968938514
PKD1,0.709268730260291,0.15600109296321993,0.000001,0.000001,0.000001,2.503869061,0.000001,0.7705893634611732
PKD2,0.7388444870910179,0.1078123167900932,0.000001,0.86513,0.31355,0.556969668,-0.7072275641,0.7547370638455123
PKLR,0.07529267563286539,0.6710373378208419,0.000001,0.82714,0.7562,1.972462711,7.61E-05,0.6977160046527621
PLAT,0.04410593518470843,0.06207484310626071,0.000001,0.21477,0.84232,0.988671771,-0.4408474766,0.09121585585630489
PLEC,0.07997030771788423,0.6506531739909557,0.000001,0.27288,0.29936,1.551334105,-6.5709479016,0.15264181618736855
PLEKHG4,0.04171992764574688,0.17620505379113804,0.000001,0.20106,0.16566,0.777230854,0.5676255029,0.051469449003656034
PLG,0.11842731797267696,0.7208982870296637,0.000001,0.23308,0.77395,0.487925889,0.6282932886,0.7025471935229826
PLN,0.03750693136271741,0.000001,0.000001,0.000001,0.000001,0.000001,0.1232582101,0.7344045203747445
PMP22,0.025210038173380137,0.08136443380627317,0.000001,0.88492,0.41726,0.296466928,0.2812202784,0.07528020724114537
PMS2,0.000001,0.01231022150926005,0.000001,0.000001,0.000001,-1.299248172,1.4770804314,0.014457057310821421
POLG,0.0286959045413181,0.04361511691277703,0.000001,0.23758,0.34185,2.658707548,-0.0312816816,0.10876583893543518
PON1,0.034130462254508706,0.09662010938498289,0.000001,0.12885,0.61089,0.046695263,0.7514741143,0.7038325955733241
PPARG,0.08325525841983585,0.042174635825724956,0.000001,0.38871,0.9735,1.328603674,-0.3140274219,0.14855409674679804
PPOX,0.0063380292123200776,0.09462637740785923,0.000001,0.18959,0.29718,1.45679393,-0.2478890237,0.6934680541724626
PRKAG2,0.7743827130692083,0.023270653360963674,0.000001,0.75824,0.19412,1.889303306,-0.8670143527,0.6680528670600361
PRKCG,0.08506547969786948,0.000001,0.000001,0.37267,0.71487,3.834255691,-0.7126843264,0.09924507231228669
PRNP,0.006255005313351384,0.04826780908502495,0.000001,0.31838,0.66436,1.74254377,0.3712242491,0.13809289929743077
PROC,0.05448444604897925,0.07242088787338827,0.000001,0.52932,0.65749,1.715322422,-0.6024505683,0.7542228030961582
PROS1,0.01265100646171563,0.22060112430065743,0.000001,0.11674,0.4275,0.238993484,-0.2203842967,0.7799428622644887
PRPF3,0.6903928351214033,0.000001,0.000001,0.83102,0.16844,3.02237785,-0.5601786932,0.006353949818826898
PRPF8,0.6813375706878946,0.00630693281401941,0.03481991566607747,0.82448,0.21033,8.302348813,-3.0302729802,0.1298784269078306
PRSS1,0.7587161777631777,0.06815345215196941,0.000001,0.47806,0.78094,1.077539536,-0.1174323893,0.7571960720899455
PSAP,0.02855407037989293,0.7640056797296176,0.000001,0.20076,0.406,0.062758893,-0.9974819279,0.05160752306086226
PSEN1,0.7608361787842478,0.02493611269394433,0.000001,0.94871,0.8758,1.485089614,-0.3378940345,0.7454147286274866
PSEN2,0.6189448245075371,0.12455948709964478,0.000001,0.64189,0.66407,-0.414309062,-1.019530098,0.7638886857538536
PSTPIP1,0.5911882975166249,0.038944422596976246,0.000001,0.18907,0.17191,0.032544074,0.3123597688,0.6712036818360486
PTCH2,0.6871582763606864,0.0449149524056244,0.000001,0.68495,0.19766,0.881861076,-1.517642441,0.6322067369155941
PTCH1,0.8227529145640117,0.03334899542577583,0.000001,0.5402,0.78677,1.647227916,-2.7309601375,0.8101952237123927
PTEN,0.6191217583801921,0.012709523864905911,0.000001,0.000001,0.000001,2.455472787,-0.2294837713,0.6861068016852393
PTH,0.012731219004419495,0.660215684500766,0.000001,0.14367,0.95422,0.000001,-0.0751598784,0.6891037124717775
PTH1R,0.02681097593203064,0.03183058406240148,0.000001,0.000001,0.000001,2.033692943,0.0662141039,0.04488031284139079
PTPN11,0.7396997905841348,0.08175585167475484,0.000001,0.26245,0.7289,3.024964137,-0.4279001894,0.6558135035149153
PVR,0.000001,0.0665478658955572,0.000001,0.08465,0.15428,0.495956515,0.7992050074,0.0171593356305828
RAB7A,0.6976174578520599,0.000001,0.000001,0.000001,0.000001,1.20568762,-0.2294837713,0.028483658234039786
RBP4,0.000001,0.6212733705475196,0.000001,0.000001,0.000001,1.081099224,-0.4719929046,0.02521844568301325
PRPH2,0.006399868614531384,0.04904772161879988,0.000001,0.36677,0.21357,1.771382845,0.4630461076,0.0691021600701733
RET,0.10910038026325201,0.025409474885471614,0.000001,0.90316,0.68126,2.45985793,-1.6094595833,0.7870174000779473
RFX5,0.012739752902404335,0.7580465273030361,0.000001,0.13109,0.13732,0.469579357,0.0441681027,0.7349214649807643
RHO,0.057563958675869546,0.07615451216377422,0.000001,0.49556,0.83261,0.101222558,-0.88906181,0.11412914558202353
RNASEL,0.6568607019674529,0.05020014099063902,0.000001,0.0611,0.12135,-1.051588171,-0.1726543151,0.03784124337512482
ROR2,0.03216191851835969,0.016076533520604664,0.000001,0.18774,0.10982,0.442502912,-1.0729961167,0.021934603126173725
RP1,0.009486338761971384,0.05917754005928045,0.000001,0.33806,0.10246,0.341604107,0.8450094519,0.03747763202227208
RP9,0.6239174163900764,0.000001,0.000001,0.000001,0.000001,0.000001,0.1691696155,0.0
RPS19,0.7185273312516837,0.033897581723403576,0.000001,0.67551,0.40044,1.422092328,-0.2074375289,0.7309973560496124
RUNX2,0.6978307294357359,0.06633978928374555,0.000001,0.53349,0.8758,1.469016748,-0.4463048533,0.23120033564322098
RYR1,0.0646173632938597,0.02048786434417946,0.000001,0.000001,0.000001,4.268071692,-8.2916781112,0.6719542089113701
RYR2,0.8389124945628627,0.02170894585862657,0.000001,0.27314,0.27889,6.436270243,-5.8695626333,0.7303295256840817
SALL1,0.7100770578558343,0.030308086268126384,0.000001,0.93269,0.27771,1.929390415,-0.8304470129,0.7592508596736531
SALL4,0.6921252215777197,0.0250751299858983,0.000001,0.62203,0.15583,1.73686652,-1.4735360057,0.6749891854910999
SCN1A,0.7351933037166734,0.04222804427473627,0.000001,0.25753,0.21408,3.799122695,-1.429430352,0.7976083025439485
SCN4A,0.06346086671122937,0.045251117184053787,0.000001,0.13221,0.33815,2.954155447,-0.7516499422,0.7741717574998571
SCN5A,0.14926525315314415,0.020161521222848977,0.000001,0.27349,0.25781,3.503386509,-1.8818839019,0.7837971586683491
SCN9A,0.05034202081399655,0.12850342117327548,0.000001,0.32351,0.19894,-0.010544475,0.3342338237,0.7436186341101145
SCNN1B,0.025146352923584855,0.07490047241106036,0.000001,0.6783,0.26884,0.194453136,0.159856957,0.7387378251321023
SCNN1G,0.10656111651621876,0.06503530077622065,0.000001,0.69216,0.45347,1.113288512,-0.9533859014,0.7323435871397221
SDHB,0.5958056888016847,0.09325225320500743,0.000001,0.40522,0.63579,1.056389499,0.5273688491,0.6684504784149979
SDHC,0.6606957517575716,0.09432411546344818,0.000001,0.21642,0.35425,0.000001,0.3914539693,0.6428071872229609
SDHD,0.6047796952359167,0.04543659013705255,0.000001,0.20501,0.6166,0.000001,0.4575949616,0.8288279402807972
SERPINA6,0.006267180978385213,0.09266050903789062,0.000001,0.24452,0.21203,0.24573228,-0.4903975986,0.06580644033794356
SERPINC1,0.059279767853988106,0.11206180577602144,0.000001,0.45194,0.56467,0.757052144,-0.047654689,0.7290394932031878
SERPIND1,0.6394046556368745,0.053070407740359996,0.000001,0.72393,0.26676,-0.265642752,0.5566893526,0.13287494128358213
SERPINE1,0.028822092155960898,0.683549074145714,0.027576972324426834,0.42306,0.86891,-0.071287509,-0.2681152227,0.7583319967272727
SERPING1,0.012456871308336321,0.14158109790891957,0.000001,0.10481,0.21468,0.084478404,-0.6465439014,0.822214202743101
SERPINI1,0.700069275319808,0.023636930253442514,0.000001,0.65251,0.2317,0.796772153,1.150157577,0.0
SFTPC,0.6619167399063737,0.034142101181089554,0.000001,0.25737,0.23432,0.75879915,0.2168989902,0.7235531690423955
SGCE,0.6249882804380874,0.0629870744189616,0.000001,0.42305,0.23123,0.436566135,-0.5363109395,0.048651444122381475
SH3BP2,0.6832176047355888,0.08176820290829617,0.000001,0.13698,0.15124,0.166682521,-0.837696902,0.055759456543319534
SHH,0.7076163608756246,0.000001,0.000001,0.49106,0.89143,3.436410584,0.000001,0.2014123673856736
SIX3,0.7086652280105853,0.024797225033592055,0.000001,0.87268,0.21837,3.72890648,0.0589374977,0.010527748295740685
SLC16A1,0.000001,0.026811253673147552,0.000001,0.25769,0.18612,1.720390605,-0.0715203155,0.6714033788940418
SLC26A2,0.000001,0.6666762521814226,0.000001,0.09419,0.19429,-0.44299625,0.1800831781,0.0734649189466203
SLC2A1,0.06211773512516333,0.02494809303953788,0.000001,0.38519,0.78861,2.562582139,-1.0452163548,0.7827009444170322
SLC4A1,0.015607928727095387,0.19740828989586562,0.000001,0.10965,0.57746,1.431596122,-0.7899726888,0.7978896270787802
SMAD4,0.8427035999656304,0.012590084782681638,0.000001,0.99992,0.79641,2.989155706,-0.315847836,0.8061338218417736
SNCA,0.5694829769814559,0.006297093291663672,0.000001,0.000001,0.000001,0.000001,-0.141298762,0.025104446530620914
SNCB,0.6244912871174555,0.000001,0.000001,0.48937,0.22085,0.791648663,-0.0531135452,0.020604824587351075
SOD1,0.03754759107741036,0.006379802694698102,0.000001,0.000001,0.000001,2.109207556,-0.0751598784,0.006233436368283036
SOX10,0.7257359060741915,0.00960372816976067,0.000001,0.98629,0.45051,2.968833889,-0.4719929046,0.6471959344912457
SOX9,0.15540609080875137,0.019061034892688664,0.000001,0.85252,0.83576,3.801792634,-0.7145054274,0.6671574479312378
SPAST,0.6251285797342957,0.01031021385924091,0.000001,0.67257,0.19777,1.379580705,-0.0697007245,0.08413536670236958
HOXD13,0.14885449084475938,0.05739279777564631,0.000001,0.83205,0.40904,1.652410861,-0.0953862162,0.09741512514518669
ATL1,0.6486350596510633,0.034600500671781415,0.000001,0.58111,0.15924,2.237466254,-0.5822252308,0.0
SPINK1,0.6956229040789068,0.024596507298987665,0.000001,0.38435,0.17944,0.000001,0.8139859271,0.5998138744287155
SPTA1,0.000001,0.07517807665354918,0.000001,0.20565,0.08686,-1.510789333,4.8496376309,0.8241590127783394
SPTB,0.03827392861616273,0.048268375556043984,0.000001,0.31324,0.33019,-0.164389084,-2.6404006564,0.7843188180157096
SPTLC1,0.6440689857231294,0.06387139234007475,0.000001,0.38002,0.22508,0.785450837,-0.2478890237,0.0
STK11,0.74128917880602,0.0381978463662801,0.000001,0.53144,0.30718,1.75014639,-0.5363109395,0.7340812782582591
TAS2R38,0.6589128352469603,0.01580513517464776,0.000001,0.1324,0.10729,-0.39638224,1.1960713815,0.0
TBX3,0.7763265571559944,0.01884529278652666,0.000001,0.93228,0.1905,1.960259251,-0.732911333,0.036635733398051165
TBX4,0.6798024911267233,0.0457360165101623,0.000001,0.86743,0.14618,1.019698923,-0.5767641553,0.031309208952083695
TBX5,0.7156008722108601,0.06027149434839281,0.000001,0.82455,0.2093,0.996553691,-0.5547175049,0.7125599653730893
HNF1A,0.7265192725500953,0.03731077191120028,0.000001,0.000001,0.000001,1.524968631,-0.4408474766,0.5672052976931149
HNF1B,0.7636164447004194,0.04875643441396412,0.000001,0.39307,0.7081,2.453253599,-0.5381321944,0.11735629502997413
ZEB1,0.6711159867660698,0.10388939177487841,0.000001,0.48165,0.3467,1.506600529,0.558509856,0.0624989302384228
TCOF1,0.6450186356554821,0.11795615302512233,0.000001,0.11725,0.19531,-0.881102681,0.466523353,0.6825044796003734
TECTA,0.1303665373366458,0.032303571277104814,0.000001,0.64735,0.20702,1.722474982,-2.4300132771,0.7765686238904008
TEK,0.664777563799512,0.01693613659630412,0.000001,0.89992,0.10231,2.323483641,-0.3269790567,0.7772839580398159
TFAP2B,0.6487260221437817,0.006305123396355071,0.000001,0.71216,0.24706,2.907053354,-0.315847836,0.07187297467644096
TGFB1,0.6776097022977957,0.1178381670782343,0.000001,0.72068,0.99841,2.104330182,-0.1174323893,0.7952007966251035
TGFBI,0.7497950388489225,0.15574885967416108,0.000001,0.49297,0.70714,-0.454144247,-0.6613161587,0.13765985752040394
TGFBR2,0.6877064450143799,0.01621547786532404,0.000001,0.97598,0.8141,1.850939007,-0.0458352466,0.824606486303978
TGIF1,0.6493444384504313,0.0322469262255536,0.000001,0.10725,0.1007,1.037059057,0.0441681027,0.02214777248064512
THPO,0.6275847333092995,0.026743173084280522,0.000001,0.20379,0.43705,0.555496984,-0.2938016524,0.8336333086769713
THRB,0.11427332918941815,0.012637576836122075,0.000001,0.87928,0.51098,2.473880987,-0.4719929046,0.6737353844222113
TIMP3,0.7382329580467708,0.006392017679143754,0.000001,0.000001,0.000001,2.300568624,-0.141298762,0.00631662444753776
NKX2-1,0.8496160122623285,0.000001,0.000001,0.81487,0.52282,3.545459825,0.000001,0.8236339400808023
TMC1,0.008420988080380953,0.8083560094859542,0.000001,0.11676,0.17087,0.218375706,-0.6410862342,0.6945728384050893
TNFRSF11A,0.006341637612579513,0.006317445915232663,0.000001,0.000001,0.000001,1.520660226,0.6651035161,0.6836165464517316
TNFRSF1A,0.7184616565587867,0.03716922717616535,0.000001,0.51029,0.91592,3.007232755,0.0846217467,0.7585684963770201
TNNI2,0.5984044447559106,0.03757012908249735,0.000001,0.19051,0.18219,1.389896818,-0.2956224973,0.12503583463865747
TNNI3,0.000001,0.04629816484246708,0.000001,0.62455,0.38244,0.000001,0.1471231123,0.530188489909934
TNNT2,0.7057106767110941,0.08990580760033429,0.000001,0.25191,0.43689,0.617724814,-0.1615247089,0.7254199382620546
TNXB,0.000001,0.07961221940264675,0.000001,0.000001,0.000001,0.000001,0.000001,0.7251836932885796
TOR1A,0.6798476321822997,0.07815042629958681,0.000001,0.6801,0.32836,1.061994158,-0.1835708609,0.00935760388294958
TP53,0.8557948979800246,0.07809001091548035,0.000001,0.99999,0.9998,1.521470471,-0.2478890237,0.8497846310889083
TP63,0.7529490313703879,0.006337188797566894,0.000001,0.90967,0.57126,3.117829897,-0.9111093532,0.06122249984201373
TPI1,0.038778387890451634,0.7912368974072641,0.000001,0.08025,0.92091,0.829504139,-0.5822252308,0.7729828813960902
TPM1,0.7528675001030039,0.020459574139368806,0.000001,0.88236,0.46623,2.220381963,-0.4279001894,0.6208709605102591
TPM2,0.6736329350134628,0.03435092749181817,0.000001,0.81211,0.22353,2.652630706,-0.2294837713,0.019268170938136556
TRPS1,0.640053958268457,0.033612002919219515,0.000001,0.66817,0.13373,1.042490883,-1.7471967784,0.041478235498225664
TSC1,0.7457847228231818,0.006434327677264002,0.000001,0.77672,0.4222,3.161836188,-1.0379467402,0.6575163889838748
TSC2,0.7612055496572127,0.09734893105120533,0.000001,0.87806,0.38966,0.879822327,-2.536899611,0.6941185264618198
TSHR,0.009489919537085657,0.1125624703967299,0.000001,0.19628,0.35681,0.227126082,0.005534202,0.6872981949654015
MYOT,0.6250015165802076,0.12679005115002237,0.000001,0.60563,0.2271,-0.090808068,-0.3122074973,0.7541642173013737
TTN,0.6445734201252564,0.1865736021902106,0.000001,0.40699,0.38418,1.70937002,2.1698834576,0.8353914189110723
TTR,0.7381308085361291,0.05105499317565311,0.000001,0.59945,0.84544,0.000001,0.5035052672,0.7357593598895273
TWIST1,0.7781095283758973,0.000001,0.000001,0.83742,0.49283,1.57359028,0.000001,0.11275769036723633
UMOD,0.6342889922530431,0.08616067099099939,0.000001,0.1299,0.24526,1.299662282,-0.5547175049,0.6685348075876549
VAPB,0.6589852072366691,0.03905236550727494,0.000001,0.5779,0.20297,0.998517085,-0.0072013718,0.0
VHL,0.012679382719217723,0.07925096477809827,0.000001,0.000001,0.000001,0.859179039,0.0589374977,0.6808959153014238
VKORC1,0.019006196357961976,0.03843564233021469,0.000001,0.000001,0.000001,1.61013844,0.1912161639,0.6130998696572776
BEST1,0.6904818853945213,0.0750552490250983,0.000001,0.1336,0.15669,-1.446775783,-0.2185654301,0.009598907103702625
VSX1,0.5688700307563281,0.01905432247217848,0.000001,0.11501,0.13748,0.000001,0.000001,0.03379110186269504
VWF,0.6934793540968326,0.16476687987256824,0.000001,0.23835,0.80848,0.365121554,1.0364440453,0.7572135150411641
WFS1,0.025700021011733926,0.7439389025569271,0.000001,0.14612,0.10979,0.000001,-0.0976609381,0.6679533050163946
WNK1,0.08233359492950536,0.0446875084391396,0.000001,0.25927,0.20985,3.660979969,-1.0675862746,0.7001865988533125
WNK4,0.6740932216609756,0.09968398880377927,0.000001,0.11744,0.24596,1.943213675,0.3673805368,0.6965165840911578
WT1,0.7287623703931562,0.02701204299735328,0.000001,0.99894,0.87462,0.000001,-0.4499465344,0.7816569505675071
ZFPM2,0.7083344688037254,0.11203289379927527,0.000001,0.5623,0.26433,-0.013602468,0.5198833832,0.7215977810125882
ZIC2,0.6461316145758506,0.000001,0.000001,0.87813,0.23021,3.656352858,0.000001,0.056913190319206684
